[
  {
    "token": 750390,
    "ip": "95.105.82.20",
    "reason": "Вы были забанены навсегда! Вы можете снять бан в боте - @RoboBrawlBot"
  },
  {
    "token": null,
    "ip": "176.59.143.70",
    "reason": "Вы были забанены навсегда! Вы можете снять бан в боте - @RoboBrawlBot"
  },
  {
    "token": 2517,
    "ip": null,
    "reason": "Вы были забанены навсегда! Вы можете снять бан в боте - @RoboBrawlBot"
  },
  {
    "token": null,
    "ip": "176.59.112.199",
    "reason": "Вы были забанены навсегда! Вы больше сможете зайти в игру! если это была ошибка просьба подать аппеляцию @zloyzein"
  }
]