{
  "sessions": [
    {
      "id": "6886706473:6886706473",
      "data": {
        "keyboard": [
          [
            {
              "text": "👥Поддержка"
            }
          ],
          [
            {
              "text": "🔮Привязать аккаунт"
            }
          ]
        ],
        "message_id": 3470,
        "TGID": 6886706473,
        "started": true
      }
    },
    {
      "id": "7060592211:7060592211",
      "data": {
        "keyboard": [
          [
            {
              "text": "👥Поддержка"
            }
          ],
          [
            {
              "text": "💎Мой аккаунт"
            }
          ]
        ],
        "message_id": 3559,
        "TGID": 7060592211,
        "started": true,
        "plrID": 21,
        "code": null
      }
    },
    {
      "id": "5339042117:5339042117",
      "data": {
        "keyboard": [
          [
            {
              "text": "👥Поддержка"
            }
          ],
          [
            {
              "text": "💎Мой аккаунт"
            }
          ]
        ],
        "message_id": 3492,
        "TGID": 5339042117,
        "started": true,
        "plrID": 131,
        "code": null
      }
    },
    {
      "id": "1928940936:1928940936",
      "data": {
        "keyboard": [
          [
            {
              "text": "👥Поддержка"
            }
          ],
          [
            {
              "text": "🔮Привязать аккаунт"
            }
          ]
        ],
        "message_id": 3504,
        "TGID": 1928940936,
        "started": true
      }
    },
    {
      "id": "6347053146:6347053146",
      "data": {
        "keyboard": [
          [
            {
              "text": "👥Поддержка"
            }
          ],
          [
            {
              "text": "🔮Привязать аккаунт"
            }
          ]
        ],
        "message_id": 3510,
        "TGID": 6347053146,
        "started": true
      }
    },
    {
      "id": "6676162408:6676162408",
      "data": {
        "keyboard": [
          [
            {
              "text": "👥Поддержка"
            }
          ],
          [
            {
              "text": "🔮Привязать аккаунт"
            }
          ]
        ],
        "message_id": 3514,
        "TGID": 6676162408,
        "started": true
      }
    },
    {
      "id": "5165406019:5165406019",
      "data": {
        "keyboard": [
          [
            {
              "text": "👥Поддержка"
            }
          ],
          [
            {
              "text": "💎Мой аккаунт"
            }
          ]
        ],
        "message_id": 3520,
        "TGID": 5165406019,
        "started": true,
        "plrID": 129,
        "code": null
      }
    },
    {
      "id": "2021729955:2021729955",
      "data": {
        "keyboard": [
          [
            {
              "text": "👥Поддержка"
            }
          ],
          [
            {
              "text": "💎Мой аккаунт"
            }
          ]
        ],
        "message_id": 3583,
        "TGID": 2021729955,
        "started": true,
        "plrID": 710,
        "code": null
      }
    }
  ]
}